[
	{
		"CustomerID" : "ALFKI",
		"CompanyName" : "Alfreds Futterkiste",
		"ContactName" : "Maria Anders",
		"ContactTitle" : "Sales Representative",
		"Country" : "Germany",
		"City" : "Berlin",
		"Address" : "Obere Str. 57"
	},
	{
		"CustomerID" : "ANATR",
		"CompanyName" : "Ana Trujillo Emparedados y helados",
		"ContactName" : "Ana Trujillo",
		"ContactTitle" : "Owner",
		"Country" : "Mexico",
		"City" : "México D.F.",
		"Address" : "Avda. de la Constitución 2222"
	},
	{
		"CustomerID" : "ANTON",
		"CompanyName" : "Antonio Moreno Taquería",
		"ContactName" : "Antonio Moreno",
		"ContactTitle" : "Owner",
		"Country" : "Mexico",
		"City" : "México D.F.",
		"Address" : "Mataderos  2312"
	},
	{
		"CustomerID" : "AROUT",
		"CompanyName" : "Around the Horn",
		"ContactName" : "Thomas Hardy",
		"ContactTitle" : "Sales Representative",
		"Country" : "UK",
		"City" : "London",
		"Address" : "120 Hanover Sq."
	},
	{
		"CustomerID" : "BERGS",
		"CompanyName" : "Berglunds snabbköp",
		"ContactName" : "Christina Berglund",
		"ContactTitle" : "Order Administrator",
		"Country" : "Sweden",
		"City" : "Luleå",
		"Address" : "Berguvsvägen  8"
	},
	{
		"CustomerID" : "BLAUS",
		"CompanyName" : "Blauer See Delikatessen",
		"ContactName" : "Hanna Moos",
		"ContactTitle" : "Sales Representative",
		"Country" : "Germany",
		"City" : "Mannheim",
		"Address" : "Forsterstr. 57"
	},
	{
		"CustomerID" : "BLONP",
		"CompanyName" : "Blondel père et fils",
		"ContactName" : "Frédérique Citeaux",
		"ContactTitle" : "Marketing Manager",
		"Country" : "France",
		"City" : "Strasbourg",
		"Address" : "24, place Kléber"
	},
	{
		"CustomerID" : "BOLID",
		"CompanyName" : "Bólido Comidas preparadas",
		"ContactName" : "Martín Sommer",
		"ContactTitle" : "Owner",
		"Country" : "Spain",
		"City" : "Madrid",
		"Address" : "C/ Araquil, 67"
	},
	{
		"CustomerID" : "BONAP",
		"CompanyName" : "Bon app'",
		"ContactName" : "Laurence Lebihan",
		"ContactTitle" : "Owner",
		"Country" : "France",
		"City" : "Marseille",
		"Address" : "12, rue des Bouchers"
	},
	{
		"CustomerID" : "BOTTM",
		"CompanyName" : "Bottom-Dollar Markets",
		"ContactName" : "Elizabeth Lincoln",
		"ContactTitle" : "Accounting Manager",
		"Country" : "Canada",
		"City" : "Tsawassen",
		"Address" : "23 Tsawassen Blvd."
	},
	{
		"CustomerID" : "BSBEV",
		"CompanyName" : "B's Beverages",
		"ContactName" : "Victoria Ashworth",
		"ContactTitle" : "Sales Representative",
		"Country" : "UK",
		"City" : "London",
		"Address" : "Fauntleroy Circus"
	},
	{
		"CustomerID" : "CACTU",
		"CompanyName" : "Cactus Comidas para llevar",
		"ContactName" : "Patricio Simpson",
		"ContactTitle" : "Sales Agent",
		"Country" : "Argentina",
		"City" : "Buenos Aires",
		"Address" : "Cerrito 333"
	},
	{
		"CustomerID" : "CENTC",
		"CompanyName" : "Centro comercial Moctezuma",
		"ContactName" : "Francisco Chang",
		"ContactTitle" : "Marketing Manager",
		"Country" : "Mexico",
		"City" : "México D.F.",
		"Address" : "Sierras de Granada 9993"
	},
	{
		"CustomerID" : "CHOPS",
		"CompanyName" : "Chop-suey Chinese",
		"ContactName" : "Yang Wang",
		"ContactTitle" : "Owner",
		"Country" : "Switzerland",
		"City" : "Bern",
		"Address" : "Hauptstr. 29"
	},
	{
		"CustomerID" : "COMMI",
		"CompanyName" : "Comércio Mineiro",
		"ContactName" : "Pedro Afonso",
		"ContactTitle" : "Sales Associate",
		"Country" : "Brazil",
		"City" : "São Paulo",
		"Address" : "Av. dos Lusíadas, 23"
	},
	{
		"CustomerID" : "CONSH",
		"CompanyName" : "Consolidated Holdings",
		"ContactName" : "Elizabeth Brown",
		"ContactTitle" : "Sales Representative",
		"Country" : "UK",
		"City" : "London",
		"Address" : "Berkeley Gardens 12  Brewery "
	},
	{
		"CustomerID" : "DRACD",
		"CompanyName" : "Drachenblut Delikatessen",
		"ContactName" : "Sven Ottlieb",
		"ContactTitle" : "Order Administrator",
		"Country" : "Germany",
		"City" : "Aachen",
		"Address" : "Walserweg 21"
	},
	{
		"CustomerID" : "DUMON",
		"CompanyName" : "Du monde entier",
		"ContactName" : "Janine Labrune",
		"ContactTitle" : "Owner",
		"Country" : "France",
		"City" : "Nantes",
		"Address" : "67, rue des Cinquante Otages"
	},
	{
		"CustomerID" : "EASTC",
		"CompanyName" : "Eastern Connection",
		"ContactName" : "Ann Devon",
		"ContactTitle" : "Sales Agent",
		"Country" : "UK",
		"City" : "London",
		"Address" : "35 King George"
	},
	{
		"CustomerID" : "ERNSH",
		"CompanyName" : "Ernst Handel",
		"ContactName" : "Roland Mendel",
		"ContactTitle" : "Sales Manager",
		"Country" : "Austria",
		"City" : "Graz",
		"Address" : "Kirchgasse 6"
	},
	{
		"CustomerID" : "FAMIA",
		"CompanyName" : "Familia Arquibaldo",
		"ContactName" : "Aria Cruz",
		"ContactTitle" : "Marketing Assistant",
		"Country" : "Brazil",
		"City" : "São Paulo",
		"Address" : "Rua Orós, 92"
	},
	{
		"CustomerID" : "FISSA",
		"CompanyName" : "FISSA Fabrica Inter. Salchichas S.A.",
		"ContactName" : "Diego Roel",
		"ContactTitle" : "Accounting Manager",
		"Country" : "Spain",
		"City" : "Madrid",
		"Address" : "C/ Moralzarzal, 86"
	},
	{
		"CustomerID" : "FOLIG",
		"CompanyName" : "Folies gourmandes",
		"ContactName" : "Martine Rancé",
		"ContactTitle" : "Assistant Sales Agent",
		"Country" : "France",
		"City" : "Lille",
		"Address" : "184, chaussée de Tournai"
	},
	{
		"CustomerID" : "FOLKO",
		"CompanyName" : "Folk och fä HB",
		"ContactName" : "Maria Larsson",
		"ContactTitle" : "Owner",
		"Country" : "Sweden",
		"City" : "Bräcke",
		"Address" : "Åkergatan 24"
	},
	{
		"CustomerID" : "FRANK",
		"CompanyName" : "Frankenversand",
		"ContactName" : "Peter Franken",
		"ContactTitle" : "Marketing Manager",
		"Country" : "Germany",
		"City" : "München",
		"Address" : "Berliner Platz 43"
	},
	{
		"CustomerID" : "FRANR",
		"CompanyName" : "France restauration",
		"ContactName" : "Carine Schmitt",
		"ContactTitle" : "Marketing Manager",
		"Country" : "France",
		"City" : "Nantes",
		"Address" : "54, rue Royale"
	},
	{
		"CustomerID" : "FRANS",
		"CompanyName" : "Franchi S.p.A.",
		"ContactName" : "Paolo Accorti",
		"ContactTitle" : "Sales Representative",
		"Country" : "Italy",
		"City" : "Torino",
		"Address" : "Via Monte Bianco 34"
	},
	{
		"CustomerID" : "FURIB",
		"CompanyName" : "Furia Bacalhau e Frutos do Mar",
		"ContactName" : "Lino Rodriguez ",
		"ContactTitle" : "Sales Manager",
		"Country" : "Portugal",
		"City" : "Lisboa",
		"Address" : "Jardim das rosas n. 32"
	},
	{
		"CustomerID" : "GALED",
		"CompanyName" : "Galería del gastrónomo",
		"ContactName" : "Eduardo Saavedra",
		"ContactTitle" : "Marketing Manager",
		"Country" : "Spain",
		"City" : "Barcelona",
		"Address" : "Rambla de Cataluña, 23"
	},
	{
		"CustomerID" : "GODOS",
		"CompanyName" : "Godos Cocina Típica",
		"ContactName" : "José Pedro Freyre",
		"ContactTitle" : "Sales Manager",
		"Country" : "Spain",
		"City" : "Sevilla",
		"Address" : "C/ Romero, 33"
	},
	{
		"CustomerID" : "GOURL",
		"CompanyName" : "Gourmet Lanchonetes",
		"ContactName" : "André Fonseca",
		"ContactTitle" : "Sales Associate",
		"Country" : "Brazil",
		"City" : "Campinas",
		"Address" : "Av. Brasil, 442"
	},
	{
		"CustomerID" : "GREAL",
		"CompanyName" : "Great Lakes Food Market",
		"ContactName" : "Howard Snyder",
		"ContactTitle" : "Marketing Manager",
		"Country" : "USA",
		"City" : "Eugene",
		"Address" : "2732 Baker Blvd."
	},
	{
		"CustomerID" : "GROSR",
		"CompanyName" : "GROSELLA-Restaurante",
		"ContactName" : "Manuel Pereira",
		"ContactTitle" : "Owner",
		"Country" : "Venezuela",
		"City" : "Caracas",
		"Address" : "5ª Ave. Los Palos Grandes"
	},
	{
		"CustomerID" : "HANAR",
		"CompanyName" : "Hanari Carnes",
		"ContactName" : "Mario Pontes",
		"ContactTitle" : "Accounting Manager",
		"Country" : "Brazil",
		"City" : "Rio de Janeiro",
		"Address" : "Rua do Paço, 67"
	},
	{
		"CustomerID" : "HILAA",
		"CompanyName" : "HILARIÓN-Abastos",
		"ContactName" : "Carlos Hernández",
		"ContactTitle" : "Sales Representative",
		"Country" : "Venezuela",
		"City" : "San Cristóbal",
		"Address" : "Carrera 22 con Ave. Carlos Soublette #8-35"
	},
	{
		"CustomerID" : "HUNGC",
		"CompanyName" : "Hungry Coyote Import Store",
		"ContactName" : "Yoshi Latimer",
		"ContactTitle" : "Sales Representative",
		"Country" : "USA",
		"City" : "Elgin",
		"Address" : "City Center Plaza 516 Main St."
	},
	{
		"CustomerID" : "HUNGO",
		"CompanyName" : "Hungry Owl All-Night Grocers",
		"ContactName" : "Patricia McKenna",
		"ContactTitle" : "Sales Associate",
		"Country" : "Ireland",
		"City" : "Cork",
		"Address" : "8 Johnstown Road"
	},
	{
		"CustomerID" : "ISLAT",
		"CompanyName" : "Island Trading",
		"ContactName" : "Helen Bennett",
		"ContactTitle" : "Marketing Manager",
		"Country" : "UK",
		"City" : "Cowes",
		"Address" : "Garden House Crowther Way"
	},
	{
		"CustomerID" : "KOENE",
		"CompanyName" : "Königlich Essen",
		"ContactName" : "Philip Cramer",
		"ContactTitle" : "Sales Associate",
		"Country" : "Germany",
		"City" : "Brandenburg",
		"Address" : "Maubelstr. 90"
	},
	{
		"CustomerID" : "LACOR",
		"CompanyName" : "La corne d'abondance",
		"ContactName" : "Daniel Tonini",
		"ContactTitle" : "Sales Representative",
		"Country" : "France",
		"City" : "Versailles",
		"Address" : "67, avenue de l'Europe"
	},
	{
		"CustomerID" : "LAMAI",
		"CompanyName" : "La maison d'Asie",
		"ContactName" : "Annette Roulet",
		"ContactTitle" : "Sales Manager",
		"Country" : "France",
		"City" : "Toulouse",
		"Address" : "1 rue Alsace-Lorraine"
	},
	{
		"CustomerID" : "LAUGB",
		"CompanyName" : "Laughing Bacchus Wine Cellars",
		"ContactName" : "Yoshi Tannamuri",
		"ContactTitle" : "Marketing Assistant",
		"Country" : "Canada",
		"City" : "Vancouver",
		"Address" : "1900 Oak St."
	},
	{
		"CustomerID" : "LAZYK",
		"CompanyName" : "Lazy K Kountry Store",
		"ContactName" : "John Steel",
		"ContactTitle" : "Marketing Manager",
		"Country" : "USA",
		"City" : "Walla Walla",
		"Address" : "12 Orchestra Terrace"
	},
	{
		"CustomerID" : "LEHMS",
		"CompanyName" : "Lehmanns Marktstand",
		"ContactName" : "Renate Messner",
		"ContactTitle" : "Sales Representative",
		"Country" : "Germany",
		"City" : "Frankfurt a.M. ",
		"Address" : "Magazinweg 7"
	},
	{
		"CustomerID" : "LETSS",
		"CompanyName" : "Let's Stop N Shop",
		"ContactName" : "Jaime Yorres",
		"ContactTitle" : "Owner",
		"Country" : "USA",
		"City" : "San Francisco",
		"Address" : "87 Polk St. Suite 5"
	},
	{
		"CustomerID" : "LILAS",
		"CompanyName" : "LILA-Supermercado",
		"ContactName" : "Carlos González",
		"ContactTitle" : "Accounting Manager",
		"Country" : "Venezuela",
		"City" : "Barquisimeto",
		"Address" : "Carrera 52 con Ave. Bolívar #65-98 Llano Largo"
	},
	{
		"CustomerID" : "LINOD",
		"CompanyName" : "LINO-Delicateses",
		"ContactName" : "Felipe Izquierdo",
		"ContactTitle" : "Owner",
		"Country" : "Venezuela",
		"City" : "I. de Margarita",
		"Address" : "Ave. 5 de Mayo Porlamar"
	},
	{
		"CustomerID" : "LONEP",
		"CompanyName" : "Lonesome Pine Restaurant",
		"ContactName" : "Fran Wilson",
		"ContactTitle" : "Sales Manager",
		"Country" : "USA",
		"City" : "Portland",
		"Address" : "89 Chiaroscuro Rd."
	},
	{
		"CustomerID" : "MAGAA",
		"CompanyName" : "Magazzini Alimentari Riuniti",
		"ContactName" : "Giovanni Rovelli",
		"ContactTitle" : "Marketing Manager",
		"Country" : "Italy",
		"City" : "Bergamo",
		"Address" : "Via Ludovico il Moro 22"
	},
	{
		"CustomerID" : "MAISD",
		"CompanyName" : "Maison Dewey",
		"ContactName" : "Catherine Dewey",
		"ContactTitle" : "Sales Agent",
		"Country" : "Belgium",
		"City" : "Bruxelles",
		"Address" : "Rue Joseph-Bens 532"
	},
	{
		"CustomerID" : "MEREP",
		"CompanyName" : "Mère Paillarde",
		"ContactName" : "Jean Fresnière",
		"ContactTitle" : "Marketing Assistant",
		"Country" : "Canada",
		"City" : "Montréal",
		"Address" : "43 rue St. Laurent"
	},
	{
		"CustomerID" : "MORGK",
		"CompanyName" : "Morgenstern Gesundkost",
		"ContactName" : "Alexander Feuer",
		"ContactTitle" : "Marketing Assistant",
		"Country" : "Germany",
		"City" : "Leipzig",
		"Address" : "Heerstr. 22"
	},
	{
		"CustomerID" : "NORTS",
		"CompanyName" : "North/South",
		"ContactName" : "Simon Crowther",
		"ContactTitle" : "Sales Associate",
		"Country" : "UK",
		"City" : "London",
		"Address" : "South House 300 Queensbridge"
	},
	{
		"CustomerID" : "OCEAN",
		"CompanyName" : "Océano Atlántico Ltda.",
		"ContactName" : "Yvonne Moncada",
		"ContactTitle" : "Sales Agent",
		"Country" : "Argentina",
		"City" : "Buenos Aires",
		"Address" : "Ing. Gustavo Moncada 8585 Piso 20-A"
	},
	{
		"CustomerID" : "OLDWO",
		"CompanyName" : "Old World Delicatessen",
		"ContactName" : "Rene Phillips",
		"ContactTitle" : "Sales Representative",
		"Country" : "USA",
		"City" : "Anchorage",
		"Address" : "2743 Bering St."
	},
	{
		"CustomerID" : "OTTIK",
		"CompanyName" : "Ottilies Käseladen",
		"ContactName" : "Henriette Pfalzheim",
		"ContactTitle" : "Owner",
		"Country" : "Germany",
		"City" : "Köln",
		"Address" : "Mehrheimerstr. 369"
	},
	{
		"CustomerID" : "PARIS",
		"CompanyName" : "Paris spécialités",
		"ContactName" : "Marie Bertrand",
		"ContactTitle" : "Owner",
		"Country" : "France",
		"City" : "Paris",
		"Address" : "265, boulevard Charonne"
	},
	{
		"CustomerID" : "PERIC",
		"CompanyName" : "Pericles Comidas clásicas",
		"ContactName" : "Guillermo Fernández",
		"ContactTitle" : "Sales Representative",
		"Country" : "Mexico",
		"City" : "México D.F.",
		"Address" : "Calle Dr. Jorge Cash 321"
	},
	{
		"CustomerID" : "PICCO",
		"CompanyName" : "Piccolo und mehr",
		"ContactName" : "Georg Pipps",
		"ContactTitle" : "Sales Manager",
		"Country" : "Austria",
		"City" : "Salzburg",
		"Address" : "Geislweg 14"
	},
	{
		"CustomerID" : "PRINI",
		"CompanyName" : "Princesa Isabel Vinhos",
		"ContactName" : "Isabel de Castro",
		"ContactTitle" : "Sales Representative",
		"Country" : "Portugal",
		"City" : "Lisboa",
		"Address" : "Estrada da saúde n. 58"
	},
	{
		"CustomerID" : "QUEDE",
		"CompanyName" : "Que Delícia",
		"ContactName" : "Bernardo Batista",
		"ContactTitle" : "Accounting Manager",
		"Country" : "Brazil",
		"City" : "Rio de Janeiro",
		"Address" : "Rua da Panificadora, 12"
	},
	{
		"CustomerID" : "QUEEN",
		"CompanyName" : "Queen Cozinha",
		"ContactName" : "Lúcia Carvalho",
		"ContactTitle" : "Marketing Assistant",
		"Country" : "Brazil",
		"City" : "São Paulo",
		"Address" : "Alameda dos Canàrios, 891"
	},
	{
		"CustomerID" : "QUICK",
		"CompanyName" : "QUICK-Stop",
		"ContactName" : "Horst Kloss",
		"ContactTitle" : "Accounting Manager",
		"Country" : "Germany",
		"City" : "Cunewalde",
		"Address" : "Taucherstraße 10"
	},
	{
		"CustomerID" : "RANCH",
		"CompanyName" : "Rancho grande",
		"ContactName" : "Sergio Gutiérrez",
		"ContactTitle" : "Sales Representative",
		"Country" : "Argentina",
		"City" : "Buenos Aires",
		"Address" : "Av. del Libertador 900"
	},
	{
		"CustomerID" : "RATTC",
		"CompanyName" : "Rattlesnake Canyon Grocery",
		"ContactName" : "Paula Wilson",
		"ContactTitle" : "Assistant Sales Representative",
		"Country" : "USA",
		"City" : "Albuquerque",
		"Address" : "2817 Milton Dr."
	},
	{
		"CustomerID" : "REGGC",
		"CompanyName" : "Reggiani Caseifici",
		"ContactName" : "Maurizio Moroni",
		"ContactTitle" : "Sales Associate",
		"Country" : "Italy",
		"City" : "Reggio Emilia",
		"Address" : "Strada Provinciale 124"
	},
	{
		"CustomerID" : "RICAR",
		"CompanyName" : "Ricardo Adocicados",
		"ContactName" : "Janete Limeira",
		"ContactTitle" : "Assistant Sales Agent",
		"Country" : "Brazil",
		"City" : "Rio de Janeiro",
		"Address" : "Av. Copacabana, 267"
	},
	{
		"CustomerID" : "RICSU",
		"CompanyName" : "Richter Supermarkt",
		"ContactName" : "Michael Holz",
		"ContactTitle" : "Sales Manager",
		"Country" : "Switzerland",
		"City" : "Genève",
		"Address" : "Grenzacherweg 237"
	},
	{
		"CustomerID" : "ROMEY",
		"CompanyName" : "Romero y tomillo",
		"ContactName" : "Alejandra Camino",
		"ContactTitle" : "Accounting Manager",
		"Country" : "Spain",
		"City" : "Madrid",
		"Address" : "Gran Vía, 1"
	},
	{
		"CustomerID" : "SANTG",
		"CompanyName" : "Santé Gourmet",
		"ContactName" : "Jonas Bergulfsen",
		"ContactTitle" : "Owner",
		"Country" : "Norway",
		"City" : "Stavern",
		"Address" : "Erling Skakkes gate 78"
	},
	{
		"CustomerID" : "SAVEA",
		"CompanyName" : "Save-a-lot Markets",
		"ContactName" : "Jose Pavarotti",
		"ContactTitle" : "Sales Representative",
		"Country" : "USA",
		"City" : "Boise",
		"Address" : "187 Suffolk Ln."
	},
	{
		"CustomerID" : "SEVES",
		"CompanyName" : "Seven Seas Imports",
		"ContactName" : "Hari Kumar",
		"ContactTitle" : "Sales Manager",
		"Country" : "UK",
		"City" : "London",
		"Address" : "90 Wadhurst Rd."
	},
	{
		"CustomerID" : "SIMOB",
		"CompanyName" : "Simons bistro",
		"ContactName" : "Jytte Petersen",
		"ContactTitle" : "Owner",
		"Country" : "Denmark",
		"City" : "København",
		"Address" : "Vinbæltet 34"
	},
	{
		"CustomerID" : "SPECD",
		"CompanyName" : "Spécialités du monde",
		"ContactName" : "Dominique Perrier",
		"ContactTitle" : "Marketing Manager",
		"Country" : "France",
		"City" : "Paris",
		"Address" : "25, rue Lauriston"
	},
	{
		"CustomerID" : "SPLIR",
		"CompanyName" : "Split Rail Beer & Ale",
		"ContactName" : "Art Braunschweiger",
		"ContactTitle" : "Sales Manager",
		"Country" : "USA",
		"City" : "Lander",
		"Address" : "P.O. Box 555"
	},
	{
		"CustomerID" : "SUPRD",
		"CompanyName" : "Suprêmes délices",
		"ContactName" : "Pascale Cartrain",
		"ContactTitle" : "Accounting Manager",
		"Country" : "Belgium",
		"City" : "Charleroi",
		"Address" : "Boulevard Tirou, 255"
	},
	{
		"CustomerID" : "THEBI",
		"CompanyName" : "The Big Cheese",
		"ContactName" : "Liz Nixon",
		"ContactTitle" : "Marketing Manager",
		"Country" : "USA",
		"City" : "Portland",
		"Address" : "89 Jefferson Way Suite 2"
	},
	{
		"CustomerID" : "THECR",
		"CompanyName" : "The Cracker Box",
		"ContactName" : "Liu Wong",
		"ContactTitle" : "Marketing Assistant",
		"Country" : "USA",
		"City" : "Butte",
		"Address" : "55 Grizzly Peak Rd."
	},
	{
		"CustomerID" : "TOMSP",
		"CompanyName" : "Toms Spezialitäten",
		"ContactName" : "Karin Josephs",
		"ContactTitle" : "Marketing Manager",
		"Country" : "Germany",
		"City" : "Münster",
		"Address" : "Luisenstr. 48"
	},
	{
		"CustomerID" : "TORTU",
		"CompanyName" : "Tortuga Restaurante",
		"ContactName" : "Miguel Angel Paolino",
		"ContactTitle" : "Owner",
		"Country" : "Mexico",
		"City" : "México D.F.",
		"Address" : "Avda. Azteca 123"
	},
	{
		"CustomerID" : "TRADH",
		"CompanyName" : "Tradição Hipermercados",
		"ContactName" : "Anabela Domingues",
		"ContactTitle" : "Sales Representative",
		"Country" : "Brazil",
		"City" : "São Paulo",
		"Address" : "Av. Inês de Castro, 414"
	},
	{
		"CustomerID" : "TRAIH",
		"CompanyName" : "Trail's Head Gourmet Provisioners",
		"ContactName" : "Helvetius Nagy",
		"ContactTitle" : "Sales Associate",
		"Country" : "USA",
		"City" : "Kirkland",
		"Address" : "722 DaVinci Blvd."
	},
	{
		"CustomerID" : "VAFFE",
		"CompanyName" : "Vaffeljernet",
		"ContactName" : "Palle Ibsen",
		"ContactTitle" : "Sales Manager",
		"Country" : "Denmark",
		"City" : "Århus",
		"Address" : "Smagsløget 45"
	},
	{
		"CustomerID" : "VICTE",
		"CompanyName" : "Victuailles en stock",
		"ContactName" : "Mary Saveley",
		"ContactTitle" : "Sales Agent",
		"Country" : "France",
		"City" : "Lyon",
		"Address" : "2, rue du Commerce"
	},
	{
		"CustomerID" : "VINET",
		"CompanyName" : "Vins et alcools Chevalier",
		"ContactName" : "Paul Henriot",
		"ContactTitle" : "Accounting Manager",
		"Country" : "France",
		"City" : "Reims",
		"Address" : "59 rue de l'Abbaye"
	},
	{
		"CustomerID" : "WANDK",
		"CompanyName" : "Die Wandernde Kuh",
		"ContactName" : "Rita Müller",
		"ContactTitle" : "Sales Representative",
		"Country" : "Germany",
		"City" : "Stuttgart",
		"Address" : "Adenauerallee 900"
	},
	{
		"CustomerID" : "WARTH",
		"CompanyName" : "Wartian Herkku",
		"ContactName" : "Pirkko Koskitalo",
		"ContactTitle" : "Accounting Manager",
		"Country" : "Finland",
		"City" : "Oulu",
		"Address" : "Torikatu 38"
	},
	{
		"CustomerID" : "WELLI",
		"CompanyName" : "Wellington Importadora",
		"ContactName" : "Paula Parente",
		"ContactTitle" : "Sales Manager",
		"Country" : "Brazil",
		"City" : "Resende",
		"Address" : "Rua do Mercado, 12"
	},
	{
		"CustomerID" : "WHITC",
		"CompanyName" : "White Clover Markets",
		"ContactName" : "Karl Jablonski",
		"ContactTitle" : "Owner",
		"Country" : "USA",
		"City" : "Seattle",
		"Address" : "305 - 14th Ave. S. Suite 3B"
	},
	{
		"CustomerID" : "WILMK",
		"CompanyName" : "Wilman Kala",
		"ContactName" : "Matti Karttunen",
		"ContactTitle" : "Owner/Marketing Assistant",
		"Country" : "Finland",
		"City" : "Helsinki",
		"Address" : "Keskuskatu 45"
	},
	{
		"CustomerID" : "WOLZA",
		"CompanyName" : "Wolski  Zajazd",
		"ContactName" : "Zbyszek Piestrzeniewicz",
		"ContactTitle" : "Owner",
		"Country" : "Poland",
		"City" : "Warszawa",
		"Address" : "ul. Filtrowa 68"
	}
]

