[
	{
		"EmployeeID" : 1,
		"LastName" : "Davolio",
		"FirstName" : "Nancy",
		"Title" : "Sales Representative",
		"TitleOfCourtesy" : "Ms.",
		"BirthDate" : "1948-12-08 00:00:00",
		"HireDate" : "1992-05-01 00:00:00",
		"Country" : "USA",
		"City" : "Seattle",
		"Address" : "507 - 20th Ave. E. Apt. 2A"
	},
	{
		"EmployeeID" : 2,
		"LastName" : "Fuller",
		"FirstName" : "Andrew",
		"Title" : "Vice President, Sales",
		"TitleOfCourtesy" : "Dr.",
		"BirthDate" : "1952-02-19 00:00:00",
		"HireDate" : "1992-08-14 00:00:00",
		"Country" : "USA",
		"City" : "Tacoma",
		"Address" : "908 W. Capital Way"
	},
	{
		"EmployeeID" : 3,
		"LastName" : "Leverling",
		"FirstName" : "Janet",
		"Title" : "Sales Representative",
		"TitleOfCourtesy" : "Ms.",
		"BirthDate" : "1963-08-30 00:00:00",
		"HireDate" : "1992-04-01 00:00:00",
		"Country" : "USA",
		"City" : "Kirkland",
		"Address" : "722 Moss Bay Blvd."
	},
	{
		"EmployeeID" : 4,
		"LastName" : "Peacock",
		"FirstName" : "Margaret",
		"Title" : "Sales Representative",
		"TitleOfCourtesy" : "Mrs.",
		"BirthDate" : "1937-09-19 00:00:00",
		"HireDate" : "1993-05-03 00:00:00",
		"Country" : "USA",
		"City" : "Redmond",
		"Address" : "4110 Old Redmond Rd."
	},
	{
		"EmployeeID" : 5,
		"LastName" : "Buchanan",
		"FirstName" : "Steven",
		"Title" : "Sales Manager",
		"TitleOfCourtesy" : "Mr.",
		"BirthDate" : "1955-03-04 00:00:00",
		"HireDate" : "1993-10-17 00:00:00",
		"Country" : "UK",
		"City" : "London",
		"Address" : "14 Garrett Hill"
	},
	{
		"EmployeeID" : 6,
		"LastName" : "Suyama",
		"FirstName" : "Michael",
		"Title" : "Sales Representative",
		"TitleOfCourtesy" : "Mr.",
		"BirthDate" : "1963-07-02 00:00:00",
		"HireDate" : "1993-10-17 00:00:00",
		"Country" : "UK",
		"City" : "London",
		"Address" : "Coventry House Miner Rd."
	},
	{
		"EmployeeID" : 7,
		"LastName" : "King",
		"FirstName" : "Robert",
		"Title" : "Sales Representative",
		"TitleOfCourtesy" : "Mr.",
		"BirthDate" : "1960-05-29 00:00:00",
		"HireDate" : "1994-01-02 00:00:00",
		"Country" : "UK",
		"City" : "London",
		"Address" : "Edgeham Hollow Winchester Way"
	},
	{
		"EmployeeID" : 8,
		"LastName" : "Callahan",
		"FirstName" : "Laura",
		"Title" : "Inside Sales Coordinator",
		"TitleOfCourtesy" : "Ms.",
		"BirthDate" : "1958-01-09 00:00:00",
		"HireDate" : "1994-03-05 00:00:00",
		"Country" : "USA",
		"City" : "Seattle",
		"Address" : "4726 - 11th Ave. N.E."
	},
	{
		"EmployeeID" : 9,
		"LastName" : "Dodsworth",
		"FirstName" : "Anne",
		"Title" : "Sales Representative",
		"TitleOfCourtesy" : "Ms.",
		"BirthDate" : "1966-01-27 00:00:00",
		"HireDate" : "1994-11-15 00:00:00",
		"Country" : "UK",
		"City" : "London",
		"Address" : "7 Houndstooth Rd."
	}
]
